Country,Year,Population
AFGHANISTAN,1990,13569000
AFGHANISTAN,1995,19446000
AFGHANISTAN,2000,22462000
AFGHANISTAN,2005,26335000
AFGHANISTAN,2010,29121000
AFGHANISTAN,2015,32565000
AFGHANISTAN,2020,36644000
ALBANIA,1990,3245000
ALBANIA,1995,3159000
ALBANIA,2000,3159000
ALBANIA,2005,3025000
ALBANIA,2010,2987000
ALBANIA,2015,3030000
ALBANIA,2020,3075000
ALGERIA,1990,25191000
ALGERIA,1995,28322000
ALGERIA,2000,30639000
ALGERIA,2005,32918000
ALGERIA,2010,35950000
ALGERIA,2015,39543000
ALGERIA,2020,42973000
AMERICAN SAMOA,1990,48000
AMERICAN SAMOA,1995,54000
AMERICAN SAMOA,2000,58000
AMERICAN SAMOA,2005,57000
AMERICAN SAMOA,2010,56000
AMERICAN SAMOA,2015,55000
AMERICAN SAMOA,2020,54000
ANDORRA,1990,53000
ANDORRA,1995,64000
ANDORRA,2000,66000
ANDORRA,2005,77000
ANDORRA,2010,85000
ANDORRA,2015,86000
ANDORRA,2020,86000
ANGOLA,1990,9486000
ANGOLA,1995,11000000
ANGOLA,2000,12683000
ANGOLA,2005,14770000
ANGOLA,2010,17043000
ANGOLA,2015,19626000
ANGOLA,2020,22485000
ANGUILLA,1990,9000
ANGUILLA,1995,10000
ANGUILLA,2000,12000
ANGUILLA,2005,14000
ANGUILLA,2010,15000
ANGUILLA,2015,17000
ANGUILLA,2020,19000
ANTIGUA AND BARBUDA,1990,65000
ANTIGUA AND BARBUDA,1995,69000
ANTIGUA AND BARBUDA,2000,76000
ANTIGUA AND BARBUDA,2005,82000
ANTIGUA AND BARBUDA,2010,87000
ANTIGUA AND BARBUDA,2015,93000
ANTIGUA AND BARBUDA,2020,99000
ARGENTINA,1990,33036000
ARGENTINA,1995,35274000
ARGENTINA,2000,37336000
ARGENTINA,2005,39182000
ARGENTINA,2010,41344000
ARGENTINA,2015,43432000
ARGENTINA,2020,45379000
ARMENIA,1990,3530000
ARMENIA,1995,3131000
ARMENIA,2000,3101000
ARMENIA,2005,3085000
ARMENIA,2010,3072000
ARMENIA,2015,3057000
ARMENIA,2020,3022000
AUSTRALIA,1990,16957000
AUSTRALIA,1995,17976000
AUSTRALIA,2000,19054000
AUSTRALIA,2005,20233000
AUSTRALIA,2010,21516000
AUSTRALIA,2015,22752000
AUSTRALIA,2020,23939000
AUSTRIA,1990,7723000
AUSTRIA,1995,8048000
AUSTRIA,2000,8114000
AUSTRIA,2005,8315000
AUSTRIA,2010,8448000
AUSTRIA,2015,8666000
AUSTRIA,2020,8860000
AZERBAIJAN,1990,7498000
AZERBAIJAN,1995,8051000
AZERBAIJAN,2000,8464000
AZERBAIJAN,2005,8826000
AZERBAIJAN,2010,9302000
AZERBAIJAN,2015,9781000
AZERBAIJAN,2020,10206000
BAHAMAS,1990,246000
BAHAMAS,1995,266000
BAHAMAS,2000,283000
BAHAMAS,2005,297000
BAHAMAS,2010,311000
BAHAMAS,2015,325000
BAHAMAS,2020,338000
BAHRAIN,1990,506000
BAHRAIN,1995,583000
BAHRAIN,2000,655000
BAHRAIN,2005,916000
BAHRAIN,2010,1181000
BAHRAIN,2015,1347000
BAHRAIN,2020,1506000
BANGLADESH,1990,112213000
BANGLADESH,1995,121443000
BANGLADESH,2000,132151000
BANGLADESH,2005,144139000
BANGLADESH,2010,156119000
BANGLADESH,2015,168958000
BANGLADESH,2020,169778000
BARBADOS,1990,263000
BARBADOS,1995,268000
BARBADOS,2000,274000
BARBADOS,2005,281000
BARBADOS,2010,286000
BARBADOS,2015,291000
BARBADOS,2020,295000
BELARUS,1990,10201000
BELARUS,1995,10205000
BELARUS,2000,10034000
BELARUS,2005,9807000
BELARUS,2010,9681000
BELARUS,2015,9590000
BELARUS,2020,9478000
BELGIUM,1990,9970000
BELGIUM,1995,10156000
BELGIUM,2000,10264000
BELGIUM,2005,10470000
BELGIUM,2010,10866000
BELGIUM,2015,11324000
BELGIUM,2020,11721000
BELIZE,1990,191000
BELIZE,1995,218000
BELIZE,2000,249000
BELIZE,2005,282000
BELIZE,2010,315000
BELIZE,2015,348000
BELIZE,2020,380000
BENIN,1990,4706000
BENIN,1995,5647000
BENIN,2000,6620000
BENIN,2005,7778000
BENIN,2010,9057000
BENIN,2015,10449000
BENIN,2020,11957000
BERMUDA,1990,58000
BERMUDA,1995,61000
BERMUDA,2000,64000
BERMUDA,2005,66000
BERMUDA,2010,69000
BERMUDA,2015,71000
BERMUDA,2020,72000
BHUTAN,1990,615000
BHUTAN,1995,567000
BHUTAN,2000,606000
BHUTAN,2005,655000
BHUTAN,2010,700000
BHUTAN,2015,742000
BHUTAN,2020,783000
BOLIVIA,1990,6574000
BOLIVIA,1995,7375000
BOLIVIA,2000,8196000
BOLIVIA,2005,9073000
BOLIVIA,2010,9948000
BOLIVIA,2015,10801000
BOLIVIA,2020,11640000
BOSNIA AND HERZEGOVINA,1990,4315000
BOSNIA AND HERZEGOVINA,1995,3547000
BOSNIA AND HERZEGOVINA,2000,3806000
BOSNIA AND HERZEGOVINA,2005,3894000
BOSNIA AND HERZEGOVINA,2010,3885000
BOSNIA AND HERZEGOVINA,2015,3868000
BOSNIA AND HERZEGOVINA,2020,3836000
BOTSWANA,1990,1265000
BOTSWANA,1995,1478000
BOTSWANA,2000,1680000
BOTSWANA,2005,1841000
BOTSWANA,2010,2030000
BOTSWANA,2015,2183000
BOTSWANA,2020,2313000
BRAZIL,1990,149410000
BRAZIL,1995,161912000
BRAZIL,2000,174316000
BRAZIL,2005,186021000
BRAZIL,2010,195835000
BRAZIL,2015,204260000
BRAZIL,2020,216016000
BRITISH VIRGIN ISLANDS,1990,16000
BRITISH VIRGIN ISLANDS,1995,20000
BRITISH VIRGIN ISLANDS,2000,23000
BRITISH VIRGIN ISLANDS,2005,26000
BRITISH VIRGIN ISLANDS,2010,30000
BRITISH VIRGIN ISLANDS,2015,34000
BRITISH VIRGIN ISLANDS,2020,38000
BRUNEI,1990,253000
BRUNEI,1995,288000
BRUNEI,2000,326000
BRUNEI,2005,362000
BRUNEI,2010,396000
BRUNEI,2015,430000
BRUNEI,2020,465000
BULGARIA,1990,8895000
BULGARIA,1995,8285000
BULGARIA,2000,7909000
BULGARIA,2005,7612000
BULGARIA,2010,7392000
BULGARIA,2015,7187000
BULGARIA,2020,6967000
BURKINA FASO,1990,8362000
BURKINA FASO,1995,9903000
BURKINA FASO,2000,11588000
BURKINA FASO,2005,13904000
BURKINA FASO,2010,16242000
BURKINA FASO,2015,18932000
BURKINA FASO,2020,21978000
BURUNDI,1990,5509000
BURUNDI,1995,5800000
BURUNDI,2000,6716000
BURUNDI,2005,7789000
BURUNDI,2010,9121000
BURUNDI,2015,10743000
BURUNDI,2020,12632000
CAMBODIA,1990,9368000
CAMBODIA,1995,11235000
CAMBODIA,2000,12352000
CAMBODIA,2005,13298000
CAMBODIA,2010,14454000
CAMBODIA,2015,15709000
CAMBODIA,2020,16927000
CAMEROON,1990,11984000
CAMEROON,1995,13828000
CAMEROON,2000,15818000
CAMEROON,2005,18132000
CAMEROON,2010,20823000
CAMEROON,2015,23740000
CAMEROON,2020,26970000
CANADA,1990,27791000
CANADA,1995,29691000
CANADA,2000,31100000
CANADA,2005,32387000
CANADA,2010,33760000
CANADA,2015,35100000
CANADA,2020,36388000
CAPE VERDE,1990,340000
CAPE VERDE,1995,386000
CAPE VERDE,2000,431000
CAPE VERDE,2005,471000
CAPE VERDE,2010,509000
CAPE VERDE,2015,546000
CAPE VERDE,2020,584000
CAYMAN ISLANDS,1990,27000
CAYMAN ISLANDS,1995,33000
CAYMAN ISLANDS,2000,39000
CAYMAN ISLANDS,2005,45000
CAYMAN ISLANDS,2010,51000
CAYMAN ISLANDS,2015,57000
CAYMAN ISLANDS,2020,62000
CENTRAL AFRICAN REPUBLIC,1990,3085000
CENTRAL AFRICAN REPUBLIC,1995,3545000
CENTRAL AFRICAN REPUBLIC,2000,3980000
CENTRAL AFRICAN REPUBLIC,2005,4364000
CENTRAL AFRICAN REPUBLIC,2010,4845000
CENTRAL AFRICAN REPUBLIC,2015,5392000
CENTRAL AFRICAN REPUBLIC,2020,5991000
CHAD,1990,5842000
CHAD,1995,6770000
CHAD,2000,7943000
CHAD,2005,9401000
CHAD,2010,10544000
CHAD,2015,11632000
CHAD,2020,12756000
CHILE,1990,13008000
CHILE,1995,14173000
CHILE,2000,15175000
CHILE,2005,15980000
CHILE,2010,16760000
CHILE,2015,17509000
CHILE,2020,18187000
CHINA,1990,1153164000
CHINA,1995,1221056000
CHINA,2000,1268302000
CHINA,2005,1302285000
CHINA,2010,1336681000
CHINA,2015,1367486000
CHINA,2020,1397026000
COLOMBIA,1990,33148000
COLOMBIA,1995,36532000
COLOMBIA,2000,38911000
COLOMBIA,2005,41488000
COLOMBIA,2010,44206000
COLOMBIA,2015,46737000
COLOMBIA,2020,49085000
COMOROS,1990,431000
COMOROS,1995,483000
COMOROS,2000,546000
COMOROS,2005,624000
COMOROS,2010,707000
COMOROS,2015,781000
COMOROS,2020,847000
COOK ISLANDS,1990,19000
COOK ISLANDS,1995,19000
COOK ISLANDS,2000,17000
COOK ISLANDS,2005,14000
COOK ISLANDS,2010,12000
COOK ISLANDS,2015,10000
COOK ISLANDS,2020,9000
COSTA RICA,1990,3024000
COSTA RICA,1995,3445000
COSTA RICA,2000,3883000
COSTA RICA,2005,4209000
COSTA RICA,2010,4517000
COSTA RICA,2015,4815000
COSTA RICA,2020,5098000
CROATIA,1990,4509000
CROATIA,1995,4497000
CROATIA,2000,4411000
CROATIA,2005,4496000
CROATIA,2010,4487000
CROATIA,2015,4465000
CROATIA,2020,4428000
CUBA,1990,10507000
CUBA,1995,10848000
CUBA,2000,11072000
CUBA,2005,11199000
CUBA,2010,11099000
CUBA,2015,11032000
CUBA,2020,10932000
CURAÇAO,1990,146000
CURAÇAO,1995,142000
CURAÇAO,2000,134000
CURAÇAO,2005,137000
CURAÇAO,2010,144000
CURAÇAO,2015,149000
CURAÇAO,2020,152000
CYPRUS,1990,746000
CYPRUS,1995,848000
CYPRUS,2000,920000
CYPRUS,2005,1011000
CYPRUS,2010,1103000
CYPRUS,2015,1190000
CYPRUS,2020,1267000
CZECH REPUBLIC,1990,10310000
CZECH REPUBLIC,1995,10324000
CZECH REPUBLIC,2000,10269000
CZECH REPUBLIC,2005,10267000
CZECH REPUBLIC,2010,10551000
CZECH REPUBLIC,2015,10645000
CZECH REPUBLIC,2020,10703000
DEMOCRATIC REPUBLIC OF THE CONGO,1990,39152000
DEMOCRATIC REPUBLIC OF THE CONGO,1995,46705000
DEMOCRATIC REPUBLIC OF THE CONGO,2000,52446000
DEMOCRATIC REPUBLIC OF THE CONGO,2005,60699000
DEMOCRATIC REPUBLIC OF THE CONGO,2010,69852000
DEMOCRATIC REPUBLIC OF THE CONGO,2015,79376000
DEMOCRATIC REPUBLIC OF THE CONGO,2020,89250000
DENMARK,1990,5141000
DENMARK,1995,5233000
DENMARK,2000,5338000
DENMARK,2005,5433000
DENMARK,2010,5516000
DENMARK,2015,5582000
DENMARK,2020,5643000
DJIBOUTI,1990,500000
DJIBOUTI,1995,554000
DJIBOUTI,2000,670000
DJIBOUTI,2005,667000
DJIBOUTI,2010,741000
DJIBOUTI,2015,829000
DJIBOUTI,2020,922000
DOMINICA,1990,71000
DOMINICA,1995,72000
DOMINICA,2000,71000
DOMINICA,2005,73000
DOMINICA,2010,73000
DOMINICA,2015,74000
DOMINICA,2020,75000
DOMINICAN REPUBLIC,1990,7084000
DOMINICAN REPUBLIC,1995,7759000
DOMINICAN REPUBLIC,2000,8469000
DOMINICAN REPUBLIC,2005,9165000
DOMINICAN REPUBLIC,2010,9824000
DOMINICAN REPUBLIC,2015,10479000
DOMINICAN REPUBLIC,2020,11110000
ECUADOR,1990,10319000
ECUADOR,1995,11266000
ECUADOR,2000,12446000
ECUADOR,2005,13663000
ECUADOR,2010,14791000
ECUADOR,2015,15869000
ECUADOR,2020,16905000
EGYPT,1990,54908000
EGYPT,1995,58946000
EGYPT,2000,65159000
EGYPT,2005,72544000
EGYPT,2010,80472000
EGYPT,2015,88488000
EGYPT,2020,99667000
EL SALVADOR,1990,5110000
EL SALVADOR,1995,5480000
EL SALVADOR,2000,5850000
EL SALVADOR,2005,5957000
EL SALVADOR,2010,6053000
EL SALVADOR,2015,6142000
EL SALVADOR,2020,6218000
EQUATORIAL GUINEA,1990,372000
EQUATORIAL GUINEA,1995,427000
EQUATORIAL GUINEA,2000,492000
EQUATORIAL GUINEA,2005,568000
EQUATORIAL GUINEA,2010,651000
EQUATORIAL GUINEA,2015,741000
EQUATORIAL GUINEA,2020,837000
ERITREA,1990,3138000
ERITREA,1995,3566000
ERITREA,2000,4198000
ERITREA,2005,5070000
ERITREA,2010,5793000
ERITREA,2015,6528000
ERITREA,2020,7260000
ESTONIA,1990,1570000
ESTONIA,1995,1447000
ESTONIA,2000,1380000
ESTONIA,2005,1332000
ESTONIA,2010,1303000
ESTONIA,2015,1266000
ESTONIA,2020,1229000
ESWATINI,1990,882000
ESWATINI,1995,1004000
ESWATINI,2000,1144000
ESWATINI,2005,1259000
ESWATINI,2010,1355000
ESWATINI,2015,1436000
ESWATINI,2020,1514000
ETHIOPIA,1990,47555000
ETHIOPIA,1995,55726000
ETHIOPIA,2000,64366000
ETHIOPIA,2005,74355000
ETHIOPIA,2010,86043000
ETHIOPIA,2015,99466000
ETHIOPIA,2020,114641000
FAROE ISLANDS,1990,48000
FAROE ISLANDS,1995,44000
FAROE ISLANDS,2000,46000
FAROE ISLANDS,2005,49000
FAROE ISLANDS,2010,50000
FAROE ISLANDS,2015,51000
FAROE ISLANDS,2020,52000
FEDERATED STATES OF MICRONESIA,1990,109000
FEDERATED STATES OF MICRONESIA,1995,106000
FEDERATED STATES OF MICRONESIA,2000,108000
FEDERATED STATES OF MICRONESIA,2005,109000
FEDERATED STATES OF MICRONESIA,2010,108000
FEDERATED STATES OF MICRONESIA,2015,106000
FEDERATED STATES OF MICRONESIA,2020,103000
FIJI,1990,740000
FIJI,1995,773000
FIJI,2000,805000
FIJI,2005,837000
FIJI,2010,876000
FIJI,2015,910000
FIJI,2020,936000
FINLAND,1990,4987000
FINLAND,1995,5105000
FINLAND,2000,5169000
FINLAND,2005,5239000
FINLAND,2010,5355000
FINLAND,2015,5477000
FINLAND,2020,5572000
FRANCE,1990,58256000
FRANCE,1995,59824000
FRANCE,2000,61256000
FRANCE,2005,63060000
FRANCE,2010,64941000
FRANCE,2015,66554000
FRANCE,2020,67849000
FRENCH POLYNESIA,1990,200000
FRENCH POLYNESIA,1995,217000
FRENCH POLYNESIA,2000,236000
FRENCH POLYNESIA,2005,254000
FRENCH POLYNESIA,2010,269000
FRENCH POLYNESIA,2015,283000
FRENCH POLYNESIA,2020,296000
GABON,1990,939000
GABON,1995,1070000
GABON,2000,1237000
GABON,2005,1396000
GABON,2010,1546000
GABON,2015,1706000
GABON,2020,1877000
GAMBIA,1990,952000
GAMBIA,1995,1162000
GAMBIA,2000,1357000
GAMBIA,2005,1548000
GAMBIA,2010,1756000
GAMBIA,2015,1968000
GAMBIA,2020,2174000
GEORGIA,1990,5432000
GEORGIA,1995,5042000
GEORGIA,2000,4819000
GEORGIA,2005,4791000
GEORGIA,2010,4903000
GEORGIA,2015,4932000
GEORGIA,2020,4931000
GERMANY,1990,79381000
GERMANY,1995,81654000
GERMANY,2000,82184000
GERMANY,2005,82440000
GERMANY,2010,81645000
GERMANY,2015,80855000
GERMANY,2020,82983000
GHANA,1990,15549000
GHANA,1995,17322000
GHANA,2000,18982000
GHANA,2005,21107000
GHANA,2010,23572000
GHANA,2015,26328000
GHANA,2020,29341000
GIBRALTAR,1990,30000
GIBRALTAR,1995,27000
GIBRALTAR,2000,28000
GIBRALTAR,2005,29000
GIBRALTAR,2010,29000
GIBRALTAR,2015,30000
GIBRALTAR,2020,30000
GREECE,1990,10130000
GREECE,1995,10458000
GREECE,2000,10560000
GREECE,2005,10669000
GREECE,2010,10750000
GREECE,2015,10776000
GREECE,2020,10743000
GREENLAND,1990,56000
GREENLAND,1995,57000
GREENLAND,2000,57000
GREENLAND,2005,58000
GREENLAND,2010,58000
GREENLAND,2015,58000
GREENLAND,2020,58000
GRENADA,1990,95000
GRENADA,1995,98000
GRENADA,2000,102000
GRENADA,2005,105000
GRENADA,2010,108000
GRENADA,2015,111000
GRENADA,2020,114000
GUAM,1990,135000
GUAM,1995,145000
GUAM,2000,156000
GUAM,2005,159000
GUAM,2010,160000
GUAM,2015,162000
GUAM,2020,169000
GUATEMALA,1990,8966000
GUATEMALA,1995,10028000
GUATEMALA,2000,11086000
GUATEMALA,2005,12183000
GUATEMALA,2010,13551000
GUATEMALA,2015,14919000
GUATEMALA,2020,16265000
GUERNSEY,1990,63000
GUERNSEY,1995,61000
GUERNSEY,2000,62000
GUERNSEY,2005,64000
GUERNSEY,2010,65000
GUERNSEY,2015,67000
GUERNSEY,2020,68000
GUINEA,1990,6119000
GUINEA,1995,7446000
GUINEA,2000,8351000
GUINEA,2005,9154000
GUINEA,2010,10325000
GUINEA,2015,11781000
GUINEA,2020,13420000
GUINEA-BISSAU,1990,996000
GUINEA-BISSAU,1995,1144000
GUINEA-BISSAU,2000,1279000
GUINEA-BISSAU,2005,1415000
GUINEA-BISSAU,2010,1566000
GUINEA-BISSAU,2015,1727000
GUINEA-BISSAU,2020,1893000
GUYANA,1990,772000
GUYANA,1995,769000
GUYANA,2000,785000
GUYANA,2005,775000
GUYANA,2010,746000
GUYANA,2015,736000
GUYANA,2020,751000
HAITI,1990,6798000
HAITI,1995,7571000
HAITI,2000,8413000
HAITI,2005,9205000
HAITI,2010,9649000
HAITI,2015,10111000
HAITI,2020,10693000
HONDURAS,1990,4795000
HONDURAS,1995,5551000
HONDURAS,2000,6360000
HONDURAS,2005,7194000
HONDURAS,2010,7990000
HONDURAS,2015,8747000
HONDURAS,2020,9466000
HONG KONG,1990,5688000
HONG KONG,1995,6223000
HONG KONG,2000,6656000
HONG KONG,2005,6905000
HONG KONG,2010,7030000
HONG KONG,2015,7142000
HONG KONG,2020,7250000
HUNGARY,1990,10372000
HUNGARY,1995,10281000
HUNGARY,2000,10148000
HUNGARY,2005,10058000
HUNGARY,2010,9993000
HUNGARY,2015,9898000
HUNGARY,2020,9772000
ICELAND,1990,255000
ICELAND,1995,268000
ICELAND,2000,282000
ICELAND,2005,297000
ICELAND,2010,318000
ICELAND,2015,332000
ICELAND,2020,358000
INDIA,1990,838159000
INDIA,1995,920585000
INDIA,2000,1006301000
INDIA,2005,1090974000
INDIA,2010,1173109000
INDIA,2015,1251696000
INDIA,2020,1326094000
INDONESIA,1990,181600000
INDONESIA,1995,197604000
INDONESIA,2000,214091000
INDONESIA,2005,229245000
INDONESIA,2010,243423000
INDONESIA,2015,255994000
INDONESIA,2020,279080000
IRAN,1990,58101000
IRAN,1995,64218000
IRAN,2000,68632000
IRAN,2005,72283000
IRAN,2010,76924000
IRAN,2015,81825000
IRAN,2020,86544000
IRAQ,1990,18140000
IRAQ,1995,19658000
IRAQ,2000,23129000
IRAQ,2005,27538000
IRAQ,2010,30527000
IRAQ,2015,37057000
IRAQ,2020,42213000
IRELAND,1990,3509000
IRELAND,1995,3614000
IRELAND,2000,3823000
IRELAND,2005,4200000
IRELAND,2010,4623000
IRELAND,2015,4893000
IRELAND,2020,5177000
ISLE OF MAN,1990,69000
ISLE OF MAN,1995,73000
ISLE OF MAN,2000,76000
ISLE OF MAN,2005,80000
ISLE OF MAN,2010,84000
ISLE OF MAN,2015,88000
ISLE OF MAN,2020,91000
ISRAEL,1990,4460000
ISRAEL,1995,5335000
ISRAEL,2000,6098000
ISRAEL,2005,6726000
ISRAEL,2010,7369000
ISRAEL,2015,8050000
ISRAEL,2020,9178000
ITALY,1990,56714000
ITALY,1995,57295000
ITALY,2000,57785000
ITALY,2005,59038000
ITALY,2010,60749000
ITALY,2015,61856000
ITALY,2020,62403000
IVORY COAST,1990,12491000
IVORY COAST,1995,14846000
IVORY COAST,2000,16885000
IVORY COAST,2005,18921000
IVORY COAST,2010,21059000
IVORY COAST,2015,23296000
IVORY COAST,2020,25504000
JAMAICA,1990,2348000
JAMAICA,1995,2470000
JAMAICA,2000,2616000
JAMAICA,2005,2737000
JAMAICA,2010,2848000
JAMAICA,2015,2951000
JAMAICA,2020,3052000
JAPAN,1990,123538000
JAPAN,1995,125328000
JAPAN,2000,126776000
JAPAN,2005,127716000
JAPAN,2010,127580000
JAPAN,2015,126920000
JAPAN,2020,126138000
JERSEY,1990,84000
JERSEY,1995,85000
JERSEY,2000,88000
JERSEY,2005,89000
JERSEY,2010,94000
JERSEY,2015,98000
JERSEY,2020,102000
JORDAN,1990,3321000
JORDAN,1995,4249000
JORDAN,2000,4786000
JORDAN,2005,5363000
JORDAN,2010,6501000
JORDAN,2015,8118000
JORDAN,2020,7690000
KAZAKHSTAN,1990,16776000
KAZAKHSTAN,1995,16390000
KAZAKHSTAN,2000,15688000
KAZAKHSTAN,2005,16123000
KAZAKHSTAN,2010,17085000
KAZAKHSTAN,2015,18158000
KAZAKHSTAN,2020,19092000
KENYA,1990,23361000
KENYA,1995,27164000
KENYA,2000,30606000
KENYA,2005,35247000
KENYA,2010,40844000
KENYA,2015,45926000
KENYA,2020,49859000
KIRIBATI,1990,72000
KIRIBATI,1995,77000
KIRIBATI,2000,86000
KIRIBATI,2005,93000
KIRIBATI,2010,100000
KIRIBATI,2015,106000
KIRIBATI,2020,112000
KOSOVO,1990,1862000
KOSOVO,1995,2029000
KOSOVO,2000,1701000
KOSOVO,2005,1768000
KOSOVO,2010,1816000
KOSOVO,2015,1871000
KOSOVO,2020,1933000
KUWAIT,1990,2132000
KUWAIT,1995,1665000
KUWAIT,2000,1973000
KUWAIT,2005,2257000
KUWAIT,2010,2544000
KUWAIT,2015,2789000
KUWAIT,2020,2994000
KYRGYZSTAN,1990,4484000
KYRGYZSTAN,1995,4621000
KYRGYZSTAN,2000,4938000
KYRGYZSTAN,2005,5165000
KYRGYZSTAN,2010,5411000
KYRGYZSTAN,2015,5665000
KYRGYZSTAN,2020,5965000
LAOS,1990,4211000
LAOS,1995,4847000
LAOS,2000,5398000
LAOS,2005,5837000
LAOS,2010,6369000
LAOS,2015,6912000
LAOS,2020,7448000
LATVIA,1990,2664000
LATVIA,1995,2481000
LATVIA,2000,2369000
LATVIA,2005,2259000
LATVIA,2010,2116000
LATVIA,2015,1987000
LATVIA,2020,1882000
LEBANON,1990,3452000
LEBANON,1995,3673000
LEBANON,2000,3835000
LEBANON,2005,4139000
LEBANON,2010,4493000
LEBANON,2015,6185000
LEBANON,2020,5470000
LESOTHO,1990,1704000
LESOTHO,1995,1848000
LESOTHO,2000,1917000
LESOTHO,2005,1923000
LESOTHO,2010,1920000
LESOTHO,2015,1948000
LESOTHO,2020,1970000
LIBERIA,1990,2139000
LIBERIA,1995,1901000
LIBERIA,2000,2601000
LIBERIA,2005,2931000
LIBERIA,2010,3686000
LIBERIA,2015,4196000
LIBERIA,2020,4728000
LIBYA,1990,4099000
LIBYA,1995,4584000
LIBYA,2000,5025000
LIBYA,2005,5571000
LIBYA,2010,6111000
LIBYA,2015,6412000
LIBYA,2020,6943000
LIECHTENSTEIN,1990,29000
LIECHTENSTEIN,1995,31000
LIECHTENSTEIN,2000,33000
LIECHTENSTEIN,2005,35000
LIECHTENSTEIN,2010,37000
LIECHTENSTEIN,2015,38000
LIECHTENSTEIN,2020,40000
LITHUANIA,1990,3684000
LITHUANIA,1995,3510000
LITHUANIA,2000,3490000
LITHUANIA,2005,3327000
LITHUANIA,2010,3089000
LITHUANIA,2015,2885000
LITHUANIA,2020,2732000
LUXEMBOURG,1990,383000
LUXEMBOURG,1995,410000
LUXEMBOURG,2000,439000
LUXEMBOURG,2005,468000
LUXEMBOURG,2010,510000
LUXEMBOURG,2015,571000
LUXEMBOURG,2020,629000
MACAU,1990,352000
MACAU,1995,402000
MACAU,2000,432000
MACAU,2005,475000
MACAU,2010,568000
MACAU,2015,593000
MACAU,2020,615000
MADAGASCAR,1990,11633000
MADAGASCAR,1995,13533000
MADAGASCAR,2000,15713000
MADAGASCAR,2005,18132000
MADAGASCAR,2010,20847000
MADAGASCAR,2015,23813000
MADAGASCAR,2020,26956000
MALAWI,1990,9360000
MALAWI,1995,9809000
MALAWI,2000,11130000
MALAWI,2005,12864000
MALAWI,2010,15183000
MALAWI,2015,17965000
MALAWI,2020,21197000
MALAYSIA,1990,17883000
MALAYSIA,1995,20340000
MALAYSIA,2000,23152000
MALAYSIA,2005,25969000
MALAYSIA,2010,28275000
MALAYSIA,2015,30514000
MALAYSIA,2020,32653000
MALDIVES,1990,217000
MALDIVES,1995,261000
MALDIVES,2000,300000
MALDIVES,2005,337000
MALDIVES,2010,396000
MALDIVES,2015,394000
MALDIVES,2020,392000
MALI,1990,8487000
MALI,1995,9489000
MALI,2000,10788000
MALI,2005,12528000
MALI,2010,14583000
MALI,2015,16956000
MALI,2020,19714000
MALTA,1990,360000
MALTA,1995,377000
MALTA,2000,390000
MALTA,2005,399000
MALTA,2010,407000
MALTA,2015,414000
MALTA,2020,420000
MARSHALL ISLANDS,1990,46000
MARSHALL ISLANDS,1995,50000
MARSHALL ISLANDS,2000,54000
MARSHALL ISLANDS,2005,60000
MARSHALL ISLANDS,2010,66000
MARSHALL ISLANDS,2015,73000
MARSHALL ISLANDS,2020,78000
MAURITANIA,1990,1925000
MAURITANIA,1995,2235000
MAURITANIA,2000,2501000
MAURITANIA,2005,2838000
MAURITANIA,2010,3206000
MAURITANIA,2015,3597000
MAURITANIA,2020,4006000
MAURITIUS,1990,1062000
MAURITIUS,1995,1124000
MAURITIUS,2000,1186000
MAURITIUS,2005,1243000
MAURITIUS,2010,1295000
MAURITIUS,2015,1340000
MAURITIUS,2020,1380000
MEXICO,1990,84635000
MEXICO,1995,92584000
MEXICO,2000,99776000
MEXICO,2005,106577000
MEXICO,2010,114062000
MEXICO,2015,121737000
MEXICO,2020,128650000
MOLDOVA,1990,4375000
MOLDOVA,1995,4356000
MOLDOVA,2000,4181000
MOLDOVA,2005,3949000
MOLDOVA,2010,3732000
MOLDOVA,2015,3547000
MOLDOVA,2020,3365000
MONACO,1990,30000
MONACO,1995,31000
MONACO,2000,32000
MONACO,2005,32000
MONACO,2010,31000
MONACO,2015,31000
MONACO,2020,31000
MONGOLIA,1990,2122000
MONGOLIA,1995,2307000
MONGOLIA,2000,2461000
MONGOLIA,2005,2603000
MONGOLIA,2010,2784000
MONGOLIA,2015,2993000
MONGOLIA,2020,3169000
MONTENEGRO,1990,584000
MONTENEGRO,1995,671000
MONTENEGRO,2000,733000
MONTENEGRO,2005,700000
MONTENEGRO,2010,667000
MONTENEGRO,2015,648000
MONTENEGRO,2020,640000
MONTSERRAT,1990,11000
MONTSERRAT,1995,11000
MONTSERRAT,2000,4000
MONTSERRAT,2005,5000
MONTSERRAT,2010,6000
MONTSERRAT,2015,6000
MONTSERRAT,2020,6000
MOROCCO,1990,24000000
MOROCCO,1995,26148000
MOROCCO,2000,28114000
MOROCCO,2005,29901000
MOROCCO,2010,31628000
MOROCCO,2015,33323000
MOROCCO,2020,37956000
MOZAMBIQUE,1990,12990000
MOZAMBIQUE,1995,15889000
MOZAMBIQUE,2000,17997000
MOZAMBIQUE,2005,20069000
MOZAMBIQUE,2010,22418000
MOZAMBIQUE,2015,25304000
MOZAMBIQUE,2020,28604000
MYANMAR,1990,40464000
MYANMAR,1995,43994000
MYANMAR,2000,47439000
MYANMAR,2005,50573000
MYANMAR,2010,53415000
MYANMAR,2015,56321000
MYANMAR,2020,59126000
NAMIBIA,1990,1471000
NAMIBIA,1995,1682000
NAMIBIA,2000,1894000
NAMIBIA,2005,2029000
NAMIBIA,2010,2129000
NAMIBIA,2015,2213000
NAMIBIA,2020,2263000
NAURU,1990,10000
NAURU,1995,10000
NAURU,2000,10000
NAURU,2005,11000
NAURU,2010,10000
NAURU,2015,10000
NAURU,2020,10000
NEPAL,1990,18919000
NEPAL,1995,21877000
NEPAL,2000,24819000
NEPAL,2005,27094000
NEPAL,2010,28952000
NEPAL,2015,31552000
NEPAL,2020,34209000
NETHERLANDS,1990,14966000
NETHERLANDS,1995,15477000
NETHERLANDS,2000,15931000
NETHERLANDS,2005,16300000
NETHERLANDS,2010,16574000
NETHERLANDS,2015,16948000
NETHERLANDS,2020,17281000
NEW CALEDONIA,1990,169000
NEW CALEDONIA,1995,192000
NEW CALEDONIA,2000,212000
NEW CALEDONIA,2005,233000
NEW CALEDONIA,2010,253000
NEW CALEDONIA,2015,272000
NEW CALEDONIA,2020,291000
NEW ZEALAND,1990,3414000
NEW ZEALAND,1995,3643000
NEW ZEALAND,2000,3803000
NEW ZEALAND,2005,4049000
NEW ZEALAND,2010,4253000
NEW ZEALAND,2015,4439000
NEW ZEALAND,2020,4715000
NICARAGUA,1990,3644000
NICARAGUA,1995,4402000
NICARAGUA,2000,4867000
NICARAGUA,2005,5268000
NICARAGUA,2010,5605000
NICARAGUA,2015,5908000
NICARAGUA,2020,6204000
NIGER,1990,7826000
NIGER,1995,9111000
NIGER,2000,10726000
NIGER,2005,12783000
NIGER,2010,15271000
NIGER,2015,18046000
NIGER,2020,21152000
NIGERIA,1990,96685000
NIGERIA,1995,109753000
NIGERIA,2000,123946000
NIGERIA,2005,141190000
NIGERIA,2010,160342000
NIGERIA,2015,181563000
NIGERIA,2020,204950000
NORTH KOREA,1990,20452000
NORTH KOREA,1995,22108000
NORTH KOREA,2000,22785000
NORTH KOREA,2005,23621000
NORTH KOREA,2010,24326000
NORTH KOREA,2015,24984000
NORTH KOREA,2020,25644000
NORTH MACEDONIA,1990,1862000
NORTH MACEDONIA,1995,1955000
NORTH MACEDONIA,2000,2015000
NORTH MACEDONIA,2005,2046000
NORTH MACEDONIA,2010,2073000
NORTH MACEDONIA,2015,2097000
NORTH MACEDONIA,2020,2113000
NORTHERN MARIANA ISLANDS,1990,45000
NORTHERN MARIANA ISLANDS,1995,58000
NORTHERN MARIANA ISLANDS,2000,70000
NORTHERN MARIANA ISLANDS,2005,71000
NORTHERN MARIANA ISLANDS,2010,54000
NORTHERN MARIANA ISLANDS,2015,53000
NORTHERN MARIANA ISLANDS,2020,58000
NORWAY,1990,4243000
NORWAY,1995,4360000
NORWAY,2000,4493000
NORWAY,2005,4625000
NORWAY,2010,4892000
NORWAY,2015,5208000
NORWAY,2020,5468000
OMAN,1990,1795000
OMAN,1995,2139000
OMAN,2000,2433000
OMAN,2005,2697000
OMAN,2010,2968000
OMAN,2015,3287000
OMAN,2020,3635000
PAKISTAN,1990,118817000
PAKISTAN,1995,134186000
PAKISTAN,2000,152430000
PAKISTAN,2005,169279000
PAKISTAN,2010,184405000
PAKISTAN,2015,199086000
PAKISTAN,2020,233431000
PALAU,1990,16000
PALAU,1995,18000
PALAU,2000,20000
PALAU,2005,21000
PALAU,2010,21000
PALAU,2015,22000
PALAU,2020,22000
PALESTINE,1990,1899000
PALESTINE,1995,2508000
PALESTINE,2000,3111000
PALESTINE,2005,3599000
PALESTINE,2010,4120000
PALESTINE,2015,4656000
PALESTINE,2020,5181000
PANAMA,1990,2394000
PANAMA,1995,2639000
PANAMA,2000,2900000
PANAMA,2005,3156000
PANAMA,2010,3411000
PANAMA,2015,3658000
PANAMA,2020,3895000
PAPUA NEW GUINEA,1990,3683000
PAPUA NEW GUINEA,1995,4216000
PAPUA NEW GUINEA,2000,4813000
PAPUA NEW GUINEA,2005,5440000
PAPUA NEW GUINEA,2010,6065000
PAPUA NEW GUINEA,2015,6673000
PAPUA NEW GUINEA,2020,7260000
PARAGUAY,1990,4201000
PARAGUAY,1995,4826000
PARAGUAY,2000,5419000
PARAGUAY,2005,5926000
PARAGUAY,2010,6376000
PARAGUAY,2015,6784000
PARAGUAY,2020,7192000
PERU,1990,21565000
PERU,1995,23864000
PERU,2000,25797000
PERU,2005,27443000
PERU,2010,28948000
PERU,2015,30445000
PERU,2020,31915000
PHILIPPINES,1990,61481000
PHILIPPINES,1995,68472000
PHILIPPINES,2000,76452000
PHILIPPINES,2005,84965000
PHILIPPINES,2010,93137000
PHILIPPINES,2015,100999000
PHILIPPINES,2020,109181000
POLAND,1990,38120000
POLAND,1995,38601000
POLAND,2000,38655000
POLAND,2005,38557000
POLAND,2010,38617000
POLAND,2015,38563000
POLAND,2020,38283000
PORTUGAL,1990,9923000
PORTUGAL,1995,10066000
PORTUGAL,2000,10336000
PORTUGAL,2005,10567000
PORTUGAL,2010,10736000
PORTUGAL,2015,10826000
PORTUGAL,2020,10843000
PUERTO RICO,1990,3537000
PUERTO RICO,1995,3684000
PUERTO RICO,2000,3811000
PUERTO RICO,2005,3822000
PUERTO RICO,2010,3722000
PUERTO RICO,2015,3599000
PUERTO RICO,2020,3520000
QATAR,1990,434000
QATAR,1995,510000
QATAR,2000,640000
QATAR,2005,973000
QATAR,2010,1720000
QATAR,2015,2195000
QATAR,2020,2445000
REPUBLIC OF THE CONGO,1990,2221000
REPUBLIC OF THE CONGO,1995,2570000
REPUBLIC OF THE CONGO,2000,2940000
REPUBLIC OF THE CONGO,2005,3473000
REPUBLIC OF THE CONGO,2010,4238000
REPUBLIC OF THE CONGO,2015,4756000
REPUBLIC OF THE CONGO,2020,5294000
ROMANIA,1990,22866000
ROMANIA,1995,22688000
ROMANIA,2000,22448000
ROMANIA,2005,22198000
ROMANIA,2010,21960000
ROMANIA,2015,21667000
ROMANIA,2020,21303000
RUSSIA,1990,147973000
RUSSIA,1995,148759000
RUSSIA,2000,147054000
RUSSIA,2005,143320000
RUSSIA,2010,142527000
RUSSIA,2015,142424000
RUSSIA,2020,145723000
RWANDA,1990,7000000
RWANDA,1995,5473000
RWANDA,2000,8399000
RWANDA,2005,9612000
RWANDA,2010,11056000
RWANDA,2015,12662000
RWANDA,2020,14328000
SÃO TOMÉ AND PRÍNCIPE,1990,116000
SÃO TOMÉ AND PRÍNCIPE,1995,128000
SÃO TOMÉ AND PRÍNCIPE,2000,141000
SÃO TOMÉ AND PRÍNCIPE,2005,158000
SÃO TOMÉ AND PRÍNCIPE,2010,176000
SÃO TOMÉ AND PRÍNCIPE,2015,195000
SÃO TOMÉ AND PRÍNCIPE,2020,212000
SAINT BARTHÉLEMY,1990,6000
SAINT BARTHÉLEMY,1995,7000
SAINT BARTHÉLEMY,2000,8000
SAINT BARTHÉLEMY,2005,8000
SAINT BARTHÉLEMY,2010,8000
SAINT BARTHÉLEMY,2015,8000
SAINT BARTHÉLEMY,2020,8000
"SAINT HELENA, ASCENSION AND TRISTAN DA CUNHA",1990,7000
"SAINT HELENA, ASCENSION AND TRISTAN DA CUNHA",1995,7000
"SAINT HELENA, ASCENSION AND TRISTAN DA CUNHA",2000,8000
"SAINT HELENA, ASCENSION AND TRISTAN DA CUNHA",2005,8000
"SAINT HELENA, ASCENSION AND TRISTAN DA CUNHA",2010,8000
"SAINT HELENA, ASCENSION AND TRISTAN DA CUNHA",2015,8000
"SAINT HELENA, ASCENSION AND TRISTAN DA CUNHA",2020,8000
SAINT KITTS AND NEVIS,1990,42000
SAINT KITTS AND NEVIS,1995,44000
SAINT KITTS AND NEVIS,2000,46000
SAINT KITTS AND NEVIS,2005,48000
SAINT KITTS AND NEVIS,2010,50000
SAINT KITTS AND NEVIS,2015,52000
SAINT KITTS AND NEVIS,2020,54000
SAINT LUCIA,1990,138000
SAINT LUCIA,1995,147000
SAINT LUCIA,2000,154000
SAINT LUCIA,2005,158000
SAINT LUCIA,2010,161000
SAINT LUCIA,2015,164000
SAINT LUCIA,2020,167000
SAINT MARTIN,1990,31000
SAINT MARTIN,1995,33000
SAINT MARTIN,2000,29000
SAINT MARTIN,2005,28000
SAINT MARTIN,2010,31000
SAINT MARTIN,2015,32000
SAINT MARTIN,2020,33000
SAINT PIERRE AND MIQUELON,1990,7000
SAINT PIERRE AND MIQUELON,1995,7000
SAINT PIERRE AND MIQUELON,2000,7000
SAINT PIERRE AND MIQUELON,2005,7000
SAINT PIERRE AND MIQUELON,2010,6000
SAINT PIERRE AND MIQUELON,2015,6000
SAINT PIERRE AND MIQUELON,2020,6000
SAINT VINCENT AND THE GRENADINES,1990,108000
SAINT VINCENT AND THE GRENADINES,1995,109000
SAINT VINCENT AND THE GRENADINES,2000,108000
SAINT VINCENT AND THE GRENADINES,2005,107000
SAINT VINCENT AND THE GRENADINES,2010,105000
SAINT VINCENT AND THE GRENADINES,2015,103000
SAINT VINCENT AND THE GRENADINES,2020,102000
SAMOA,1990,163000
SAMOA,1995,169000
SAMOA,2000,177000
SAMOA,2005,185000
SAMOA,2010,193000
SAMOA,2015,198000
SAMOA,2020,204000
SAN MARINO,1990,24000
SAN MARINO,1995,25000
SAN MARINO,2000,28000
SAN MARINO,2005,30000
SAN MARINO,2010,32000
SAN MARINO,2015,34000
SAN MARINO,2020,35000
SAUDI ARABIA,1990,16061000
SAUDI ARABIA,1995,18756000
SAUDI ARABIA,2000,21312000
SAUDI ARABIA,2005,23643000
SAUDI ARABIA,2010,25732000
SAUDI ARABIA,2015,27753000
SAUDI ARABIA,2020,29819000
SENEGAL,1990,7348000
SENEGAL,1995,8379000
SENEGAL,2000,9470000
SENEGAL,2005,10805000
SENEGAL,2010,12324000
SENEGAL,2015,13976000
SENEGAL,2020,15737000
SERBIA,1990,7787000
SERBIA,1995,7692000
SERBIA,2000,7605000
SERBIA,2005,7503000
SERBIA,2010,7345000
SERBIA,2015,7177000
SERBIA,2020,7013000
SEYCHELLES,1990,71000
SEYCHELLES,1995,75000
SEYCHELLES,2000,80000
SEYCHELLES,2005,84000
SEYCHELLES,2010,89000
SEYCHELLES,2015,93000
SEYCHELLES,2020,96000
SIERRA LEONE,1990,4229000
SIERRA LEONE,1995,3882000
SIERRA LEONE,2000,3810000
SIERRA LEONE,2005,4709000
SIERRA LEONE,2010,5246000
SIERRA LEONE,2015,5880000
SIERRA LEONE,2020,6625000
SINGAPORE,1990,3048000
SINGAPORE,1995,3567000
SINGAPORE,2000,4064000
SINGAPORE,2005,4606000
SINGAPORE,2010,5141000
SINGAPORE,2015,5675000
SINGAPORE,2020,6210000
SINT MAARTEN,1990,30000
SINT MAARTEN,1995,32000
SINT MAARTEN,2000,31000
SINT MAARTEN,2005,34000
SINT MAARTEN,2010,38000
SINT MAARTEN,2015,41000
SINT MAARTEN,2020,44000
SLOVAKIA,1990,5263000
SLOVAKIA,1995,5362000
SLOVAKIA,2000,5401000
SLOVAKIA,2005,5408000
SLOVAKIA,2010,5427000
SLOVAKIA,2015,5446000
SLOVAKIA,2020,5441000
SLOVENIA,1990,1992000
SLOVENIA,1995,2003000
SLOVENIA,2000,2011000
SLOVENIA,2005,2012000
SLOVENIA,2010,2004000
SLOVENIA,2015,1984000
SLOVENIA,2020,1952000
SOLOMON ISLANDS,1990,322000
SOLOMON ISLANDS,1995,376000
SOLOMON ISLANDS,2000,434000
SOLOMON ISLANDS,2005,496000
SOLOMON ISLANDS,2010,560000
SOLOMON ISLANDS,2015,623000
SOLOMON ISLANDS,2020,686000
SOMALIA,1990,6693000
SOMALIA,1995,6401000
SOMALIA,2000,7501000
SOMALIA,2005,8791000
SOMALIA,2010,9768000
SOMALIA,2015,10617000
SOMALIA,2020,11758000
SOUTH AFRICA,1990,38504000
SOUTH AFRICA,1995,42148000
SOUTH AFRICA,2000,44914000
SOUTH AFRICA,2005,48105000
SOUTH AFRICA,2010,51123000
SOUTH AFRICA,2015,53676000
SOUTH AFRICA,2020,56464000
SOUTH KOREA,1990,42870000
SOUTH KOREA,1995,45106000
SOUTH KOREA,2000,46839000
SOUTH KOREA,2005,48006000
SOUTH KOREA,2010,48637000
SOUTH KOREA,2015,49116000
SOUTH KOREA,2020,49362000
SOUTH SUDAN,1990,4960000
SOUTH SUDAN,1995,5193000
SOUTH SUDAN,2000,6297000
SOUTH SUDAN,2005,7634000
SOUTH SUDAN,2010,9585000
SOUTH SUDAN,2015,12043000
SOUTH SUDAN,2020,14559000
SPAIN,1990,39351000
SPAIN,1995,39765000
SPAIN,2000,40590000
SPAIN,2005,43705000
SPAIN,2010,46506000
SPAIN,2015,48147000
SPAIN,2020,50016000
SRI LANKA,1990,16862000
SRI LANKA,1995,17942000
SRI LANKA,2000,19042000
SRI LANKA,2005,20103000
SRI LANKA,2010,21084000
SRI LANKA,2015,22054000
SRI LANKA,2020,22890000
SUDAN,1990,21130000
SUDAN,1995,24517000
SUDAN,2000,27068000
SUDAN,2005,29884000
SUDAN,2010,32997000
SUDAN,2015,36109000
SUDAN,2020,41131000
SURINAME,1990,417000
SURINAME,1995,428000
SURINAME,2000,465000
SURINAME,2005,504000
SURINAME,2010,546000
SURINAME,2015,580000
SURINAME,2020,610000
SWEDEN,1990,8601000
SWEDEN,1995,8878000
SWEDEN,2000,8925000
SWEDEN,2005,9083000
SWEDEN,2010,9433000
SWEDEN,2015,9802000
SWEDEN,2020,10203000
SWITZERLAND,1990,6844000
SWITZERLAND,1995,7165000
SWITZERLAND,2000,7278000
SWITZERLAND,2005,7449000
SWITZERLAND,2010,7770000
SWITZERLAND,2015,8122000
SWITZERLAND,2020,8404000
SYRIA,1990,12534000
SYRIA,1995,14487000
SYRIA,2000,16515000
SYRIA,2005,18615000
SYRIA,2010,21766000
SYRIA,2015,17065000
SYRIA,2020,22347000
TAIWAN,1990,20279000
TAIWAN,1995,21291000
TAIWAN,2000,22185000
TAIWAN,2005,22728000
TAIWAN,2010,23127000
TAIWAN,2015,23416000
TAIWAN,2020,23604000
TAJIKISTAN,1990,5273000
TAJIKISTAN,1995,5679000
TAJIKISTAN,2000,6230000
TAJIKISTAN,2005,6815000
TAJIKISTAN,2010,7488000
TAJIKISTAN,2015,8192000
TAJIKISTAN,2020,8874000
TANZANIA,1990,24805000
TANZANIA,1995,29065000
TANZANIA,2000,33194000
TANZANIA,2005,38487000
TANZANIA,2010,44289000
TANZANIA,2015,51046000
TANZANIA,2020,58553000
THAILAND,1990,56097000
THAILAND,1995,59818000
THAILAND,2000,62902000
THAILAND,2005,65113000
THAILAND,2010,66721000
THAILAND,2015,67977000
THAILAND,2020,68978000
TIMOR-LESTE,1990,740000
TIMOR-LESTE,1995,868000
TIMOR-LESTE,2000,768000
TIMOR-LESTE,2005,985000
TIMOR-LESTE,2010,1088000
TIMOR-LESTE,2015,1232000
TIMOR-LESTE,2020,1384000
TOGO,1990,3721000
TOGO,1995,4203000
TOGO,2000,4992000
TOGO,2005,5715000
TOGO,2010,6588000
TOGO,2015,7553000
TOGO,2020,8609000
TONGA,1990,97000
TONGA,1995,98000
TONGA,2000,101000
TONGA,2005,104000
TONGA,2010,106000
TONGA,2015,107000
TONGA,2020,107000
TRINIDAD AND TOBAGO,1990,1256000
TRINIDAD AND TOBAGO,1995,1265000
TRINIDAD AND TOBAGO,2000,1252000
TRINIDAD AND TOBAGO,2005,1237000
TRINIDAD AND TOBAGO,2010,1229000
TRINIDAD AND TOBAGO,2015,1223000
TRINIDAD AND TOBAGO,2020,1209000
TUNISIA,1990,8208000
TUNISIA,1995,8947000
TUNISIA,2000,9508000
TUNISIA,2005,10013000
TUNISIA,2010,10526000
TUNISIA,2015,11038000
TUNISIA,2020,11495000
TURKEY,1990,56545000
TURKEY,1995,61296000
TURKEY,2000,65970000
TURKEY,2005,70465000
TURKEY,2010,74687000
TURKEY,2015,79415000
TURKEY,2020,82018000
TURKMENISTAN,1990,3659000
TURKMENISTAN,1995,4079000
TURKMENISTAN,2000,4386000
TURKMENISTAN,2005,4665000
TURKMENISTAN,2010,4941000
TURKMENISTAN,2015,5232000
TURKMENISTAN,2020,5929000
TURKS AND CAICOS ISLANDS,1990,12000
TURKS AND CAICOS ISLANDS,1995,15000
TURKS AND CAICOS ISLANDS,2000,20000
TURKS AND CAICOS ISLANDS,2005,28000
TURKS AND CAICOS ISLANDS,2010,44000
TURKS AND CAICOS ISLANDS,2015,51000
TURKS AND CAICOS ISLANDS,2020,56000
TUVALU,1990,10000
TUVALU,1995,10000
TUVALU,2000,11000
TUVALU,2005,11000
TUVALU,2010,11000
TUVALU,2015,11000
TUVALU,2020,12000
UGANDA,1990,16549000
UGANDA,1995,19641000
UGANDA,2000,22917000
UGANDA,2005,26917000
UGANDA,2010,31508000
UGANDA,2015,37102000
UGANDA,2020,43518000
UKRAINE,1990,51623000
UKRAINE,1995,51248000
UKRAINE,2000,49014000
UKRAINE,2005,47003000
UKRAINE,2010,45769000
UKRAINE,2015,44430000
UKRAINE,2020,43923000
UNITED ARAB EMIRATES,1990,1827000
UNITED ARAB EMIRATES,1995,2458000
UNITED ARAB EMIRATES,2000,3220000
UNITED ARAB EMIRATES,2005,4087000
UNITED ARAB EMIRATES,2010,4976000
UNITED ARAB EMIRATES,2015,5780000
UNITED ARAB EMIRATES,2020,6496000
UNITED KINGDOM,1990,57411000
UNITED KINGDOM,1995,58187000
UNITED KINGDOM,2000,59140000
UNITED KINGDOM,2005,60488000
UNITED KINGDOM,2010,62349000
UNITED KINGDOM,2015,64089000
UNITED KINGDOM,2020,65762000
UNITED STATES,1990,249623000
UNITED STATES,1995,266279000
UNITED STATES,2000,282163000
UNITED STATES,2005,295517000
UNITED STATES,2010,309348000
UNITED STATES,2015,321369000
UNITED STATES,2020,334504000
UNITED STATES VIRGIN ISLANDS,1990,104000
UNITED STATES VIRGIN ISLANDS,1995,108000
UNITED STATES VIRGIN ISLANDS,2000,109000
UNITED STATES VIRGIN ISLANDS,2005,108000
UNITED STATES VIRGIN ISLANDS,2010,107000
UNITED STATES VIRGIN ISLANDS,2015,104000
UNITED STATES VIRGIN ISLANDS,2020,101000
URUGUAY,1990,3086000
URUGUAY,1995,3151000
URUGUAY,2000,3220000
URUGUAY,2005,3265000
URUGUAY,2010,3302000
URUGUAY,2015,3342000
URUGUAY,2020,3388000
UZBEKISTAN,1990,20531000
UZBEKISTAN,1995,23068000
UZBEKISTAN,2000,25042000
UZBEKISTAN,2005,26540000
UZBEKISTAN,2010,27866000
UZBEKISTAN,2015,29200000
UZBEKISTAN,2020,30566000
VANUATU,1990,154000
VANUATU,1995,173000
VANUATU,2000,192000
VANUATU,2005,218000
VANUATU,2010,246000
VANUATU,2015,273000
VANUATU,2020,299000
VENEZUELA,1990,19326000
VENEZUELA,1995,21550000
VENEZUELA,2000,23493000
VENEZUELA,2005,25270000
VENEZUELA,2010,27224000
VENEZUELA,2015,29276000
VENEZUELA,2020,31276000
VIETNAM,1990,67259000
VIETNAM,1995,73784000
VIETNAM,2000,79178000
VIETNAM,2005,84425000
VIETNAM,2010,89572000
VIETNAM,2015,94349000
VIETNAM,2020,98722000
WALLIS AND FUTUNA,1990,14000
WALLIS AND FUTUNA,1995,15000
WALLIS AND FUTUNA,2000,15000
WALLIS AND FUTUNA,2005,16000
WALLIS AND FUTUNA,2010,16000
WALLIS AND FUTUNA,2015,16000
WALLIS AND FUTUNA,2020,16000
WESTERN SAHARA,1990,218000
WESTERN SAHARA,1995,264000
WESTERN SAHARA,2000,337000
WESTERN SAHARA,2005,416000
WESTERN SAHARA,2010,492000
WESTERN SAHARA,2015,571000
WESTERN SAHARA,2020,653000
WORLD,1990,5288956000
WORLD,1995,5699203000
WORLD,2000,6088572000
WORLD,2005,6473045000
WORLD,2010,6866333000
WORLD,2015,7256491000
WORLD,2020,7643403000
YEMEN,1990,12417000
YEMEN,1995,14832000
YEMEN,2000,17236000
YEMEN,2005,20003000
YEMEN,2010,23210000
YEMEN,2015,26738000
YEMEN,2020,29885000
ZAMBIA,1990,7604000
ZAMBIA,1995,8691000
ZAMBIA,2000,9984000
ZAMBIA,2005,11373000
ZAMBIA,2010,13042000
ZAMBIA,2015,15067000
ZAMBIA,2020,17427000
ZIMBABWE,1990,10157000
ZIMBABWE,1995,11160000
ZIMBABWE,2000,11821000
ZIMBABWE,2005,11640000
ZIMBABWE,2010,11652000
ZIMBABWE,2015,14230000
ZIMBABWE,2020,15832000
